样本ID,余数编号,数量下限,数量上限,规格下限,规格上限,定额单位,镀种大类,余数,领进数量,报工数量,计划数量(不含余数),实际损耗,是否进入分析
S00001,R01,0.0,10.0,0.0,20.0,数量,类型A,2.8,10.758578,10.553292,9.632755,0.205286,是
S00002,R01,0.0,10.0,0.0,20.0,数量,类型A,2.8,4.745241,4.317393,4.378511,0.427848,是
S00003,R01,0.0,10.0,0.0,20.0,数量,类型A,2.8,2.514504,2.024032,2.246348,0.490473,是
S00004,R01,0.0,10.0,0.0,20.0,数量,类型A,2.8,7.097038,6.386398,6.184677,0.710641,是
S00005,R01,0.0,10.0,0.0,20.0,数量,类型A,2.8,4.047945,3.605195,3.378449,0.44275,是
S00006,R01,0.0,10.0,0.0,20.0,数量,类型A,2.8,7.833081,7.615921,9.051682,0.21716,是
S00007,R01,0.0,10.0,0.0,20.0,数量,类型A,2.8,2.492369,2.015732,2.803369,0.476637,是
S00008,R01,0.0,10.0,0.0,20.0,数量,类型A,2.8,6.290431,5.823217,8.695387,0.467214,是
S00009,R01,0.0,10.0,0.0,20.0,数量,类型A,2.8,2.920378,2.28927,2.68615,0.631107,是
S00010,R01,0.0,10.0,0.0,20.0,数量,类型A,2.8,5.533196,4.989418,7.297236,0.543779,是
S00011,R01,0.0,10.0,0.0,20.0,数量,类型A,2.8,5.6155,5.001618,5.052969,0.613882,是
S00012,R01,0.0,10.0,0.0,20.0,数量,类型A,2.8,1.677236,1.226759,1.188037,0.450476,是
S00013,R01,0.0,10.0,0.0,20.0,数量,类型A,2.8,4.732834,3.946128,4.265002,0.786706,是
S00014,R01,0.0,10.0,0.0,20.0,数量,类型A,2.8,2.009835,1.275207,0.103447,0.734628,是
S00015,R01,0.0,10.0,0.0,20.0,数量,类型A,2.8,3.980645,3.530551,4.326786,0.450094,是
S00016,R01,0.0,10.0,0.0,20.0,数量,类型A,2.8,2.094118,1.582619,0.188257,0.511499,是
S00017,R01,0.0,10.0,0.0,20.0,数量,类型A,2.8,6.689909,6.000804,8.650537,0.689104,是
S00018,R01,0.0,10.0,0.0,20.0,数量,类型A,2.8,2.370736,1.78146,1.237185,0.589276,是
S00019,R01,0.0,10.0,0.0,20.0,数量,类型A,2.8,1.960801,1.327984,0.59869,0.632816,是
S00020,R01,0.0,10.0,0.0,20.0,数量,类型A,2.8,2.360939,2.165492,3.322316,0.195447,是
S00021,R01,0.0,10.0,0.0,20.0,数量,类型A,2.8,5.404472,4.400726,6.615363,1.003746,是
S00022,R01,0.0,10.0,0.0,20.0,数量,类型A,2.8,7.502154,6.447699,7.652888,1.054455,是
S00023,R01,0.0,10.0,0.0,20.0,数量,类型A,2.8,7.110418,6.456473,7.03407,0.653945,是
S00024,R01,0.0,10.0,0.0,20.0,数量,类型A,2.8,9.670614,9.066095,8.83336,0.604519,是
S00025,R01,0.0,10.0,0.0,20.0,数量,类型A,2.8,4.526146,3.568052,3.393922,0.958093,是
S00026,R01,0.0,10.0,0.0,20.0,数量,类型A,2.8,2.179678,1.684083,2.273535,0.495595,是
S00027,R01,0.0,10.0,0.0,20.0,数量,类型A,2.8,9.833427,8.92993,8.129241,0.903497,是
S00028,R01,0.0,10.0,0.0,20.0,数量,类型A,2.8,6.170491,6.013564,6.753719,0.156927,是
S00029,R01,0.0,10.0,0.0,20.0,数量,类型A,2.8,4.995178,4.246982,4.735277,0.748196,是
S00030,R01,0.0,10.0,0.0,20.0,数量,类型A,2.8,2.991578,2.755683,3.038618,0.235895,是
S00031,R01,0.0,10.0,0.0,20.0,数量,类型A,2.8,2.130748,1.901792,2.256907,0.228955,是
S00032,R01,0.0,10.0,0.0,20.0,数量,类型A,2.8,2.052747,1.279502,0.309712,0.773246,是
S00033,R01,0.0,10.0,0.0,20.0,数量,类型A,2.8,10.758479,9.902659,9.145346,0.85582,是
S00034,R01,0.0,10.0,0.0,20.0,数量,类型A,2.8,5.632834,5.600914,5.165956,0.03192,是
S00035,R01,0.0,10.0,0.0,20.0,数量,类型A,2.8,2.246559,1.741989,0.764355,0.50457,是
S00036,R01,0.0,10.0,0.0,20.0,数量,类型A,2.8,9.202518,8.607883,9.095078,0.594634,是
S00037,R01,0.0,10.0,0.0,20.0,数量,类型A,2.8,2.177569,1.385844,0.299936,0.791725,是
S00038,R01,0.0,10.0,0.0,20.0,数量,类型A,2.8,3.998349,3.528781,5.31481,0.469568,是
S00039,R01,0.0,10.0,0.0,20.0,数量,类型A,2.8,4.270686,3.907522,4.206435,0.363164,是
S00040,R01,0.0,10.0,0.0,20.0,数量,类型A,2.8,6.818297,6.562998,6.648762,0.255299,是
S00041,R01,0.0,10.0,0.0,20.0,数量,类型A,2.8,6.006271,5.979601,7.080066,0.026671,是
S00042,R01,0.0,10.0,0.0,20.0,数量,类型A,2.8,5.69599,5.416304,7.515958,0.279687,是
S00043,R01,0.0,10.0,0.0,20.0,数量,类型A,2.8,2.306652,1.758476,0.803062,0.548175,是
S00044,R01,0.0,10.0,0.0,20.0,数量,类型A,2.8,3.796396,3.260373,4.115384,0.536023,是
S00045,R01,0.0,10.0,0.0,20.0,数量,类型A,2.8,6.582639,6.083272,6.738779,0.499366,是
S00046,R01,0.0,10.0,0.0,20.0,数量,类型A,2.8,1.900916,1.376576,0.574515,0.52434,是
S00047,R01,0.0,10.0,0.0,20.0,数量,类型A,2.8,6.019361,5.266978,5.907958,0.752383,是
S00048,R01,0.0,10.0,0.0,20.0,数量,类型A,2.8,2.33611,1.772124,1.820051,0.563986,是
S00049,R01,0.0,10.0,0.0,20.0,数量,类型A,2.8,4.041953,3.439122,4.936405,0.602831,是
S00050,R01,0.0,10.0,0.0,20.0,数量,类型A,2.8,4.364657,3.750736,4.807244,0.613921,是
S00051,R01,0.0,10.0,0.0,20.0,数量,类型A,2.8,3.117975,2.593329,2.650795,0.524646,是
S00052,R01,0.0,10.0,0.0,20.0,数量,类型A,2.8,2.725871,1.990773,1.80945,0.735097,是
S00053,R01,0.0,10.0,0.0,20.0,数量,类型A,2.8,4.610329,4.266772,5.316184,0.343557,是
S00054,R01,0.0,10.0,0.0,20.0,数量,类型A,2.8,2.551904,2.081384,2.584333,0.47052,是
S00055,R01,0.0,10.0,0.0,20.0,数量,类型A,2.8,1.853461,1.211056,1.73816,0.642405,是
S00056,R01,0.0,10.0,0.0,20.0,数量,类型A,2.8,2.50015,1.908517,2.211692,0.591633,是
S00057,R01,0.0,10.0,0.0,20.0,数量,类型A,2.8,7.785513,7.713217,7.443332,0.072296,是
S00058,R01,0.0,10.0,0.0,20.0,数量,类型A,2.8,7.001844,6.734452,6.459811,0.267392,是
S00059,R01,0.0,10.0,0.0,20.0,数量,类型A,2.8,4.20235,3.172607,4.128654,1.029743,是
S00060,R01,0.0,10.0,0.0,20.0,数量,类型A,2.8,5.633019,4.966211,4.660977,0.666807,是
S00061,R01,0.0,10.0,0.0,20.0,数量,类型A,2.8,3.784052,3.54021,3.448354,0.243842,是
S00062,R01,0.0,10.0,0.0,20.0,数量,类型A,2.8,4.537438,4.256527,6.2564,0.28091,是
S00063,R01,0.0,10.0,0.0,20.0,数量,类型A,2.8,1.991729,1.712443,1.309138,0.279286,是
S00064,R01,0.0,10.0,0.0,20.0,数量,类型A,2.8,8.900002,8.549663,8.169574,0.350338,是
S00065,R01,0.0,10.0,0.0,20.0,数量,类型A,2.8,7.725743,6.974779,6.585588,0.750965,是
S00066,R01,0.0,10.0,0.0,20.0,数量,类型A,2.8,2.955583,1.846027,2.561949,1.109556,是
S00067,R01,0.0,10.0,0.0,20.0,数量,类型A,2.8,2.332141,1.92668,1.728465,0.405461,是
S00068,R01,0.0,10.0,0.0,20.0,数量,类型A,2.8,7.402263,6.461372,8.963294,0.940891,是
S00069,R01,0.0,10.0,0.0,20.0,数量,类型A,2.8,2.483372,1.857473,1.167077,0.625898,是
S00070,R01,0.0,10.0,0.0,20.0,数量,类型A,2.8,1.742689,1.627487,1.688018,0.115202,是
S00071,R01,0.0,10.0,0.0,20.0,数量,类型A,2.8,3.022499,2.285259,2.353971,0.73724,是
S00072,R01,0.0,10.0,0.0,20.0,数量,类型A,2.8,5.541284,4.796739,4.711275,0.744545,是
S00073,R01,0.0,10.0,0.0,20.0,数量,类型A,2.8,6.73007,6.35766,7.597158,0.372411,是
S00074,R01,0.0,10.0,0.0,20.0,数量,类型A,2.8,2.616364,2.144242,3.095622,0.472122,是
S00075,R01,0.0,10.0,0.0,20.0,数量,类型A,2.8,4.807717,3.992987,4.138951,0.81473,是
S00076,R01,0.0,10.0,0.0,20.0,数量,类型A,2.8,7.732335,6.937435,7.876466,0.794899,是
S00077,R01,0.0,10.0,0.0,20.0,数量,类型A,2.8,8.751227,8.101706,7.884391,0.649521,是
S00078,R01,0.0,10.0,0.0,20.0,数量,类型A,2.8,3.898136,3.493944,4.827418,0.404193,是
S00079,R01,0.0,10.0,0.0,20.0,数量,类型A,2.8,2.947416,2.053255,2.060161,0.894162,是
S00080,R01,0.0,10.0,0.0,20.0,数量,类型A,2.8,9.084361,8.481787,8.759278,0.602573,是
S00081,R01,0.0,10.0,0.0,20.0,数量,类型A,2.8,3.600067,3.339784,5.046749,0.260284,是
S00082,R01,0.0,10.0,0.0,20.0,数量,类型A,2.8,3.200904,3.009747,3.112462,0.191156,是
S00083,R01,0.0,10.0,0.0,20.0,数量,类型A,2.8,2.80117,2.177835,2.060541,0.623334,是
S00084,R01,0.0,10.0,0.0,20.0,数量,类型A,2.8,4.637666,4.298785,4.010713,0.338881,是
S00085,R01,0.0,10.0,0.0,20.0,数量,类型A,2.8,2.283962,1.855225,2.00243,0.428736,是
S00086,R01,0.0,10.0,0.0,20.0,数量,类型B,2.8,6.949939,5.832326,6.672925,1.117613,是
S00087,R01,0.0,10.0,0.0,20.0,数量,类型B,2.8,6.385151,4.24158,6.246438,2.143572,是
S00088,R01,0.0,10.0,0.0,20.0,数量,类型B,2.8,2.982888,2.643155,3.769141,0.339733,是
S00089,R01,0.0,10.0,0.0,20.0,数量,类型B,2.8,8.144726,6.504703,8.992441,1.640022,是
S00090,R01,0.0,10.0,0.0,20.0,数量,类型B,2.8,9.289797,8.614627,9.453173,0.67517,是
S00091,R01,0.0,10.0,0.0,20.0,数量,类型B,2.8,3.003284,1.837358,2.731634,1.165926,是
S00092,R01,0.0,10.0,0.0,20.0,数量,类型B,2.8,9.7915,7.917038,9.916533,1.874463,是
S00093,R01,0.0,10.0,0.0,20.0,数量,类型B,2.8,5.25543,3.8202,5.146491,1.435231,是
S00094,R01,0.0,10.0,0.0,20.0,数量,类型B,2.8,2.557258,1.363689,1.760078,1.193569,是
S00095,R01,0.0,10.0,0.0,20.0,数量,类型B,2.8,6.706589,5.45324,5.718637,1.253349,是
S00096,R01,0.0,10.0,0.0,20.0,数量,类型B,2.8,4.605709,2.765804,3.704554,1.839905,是
S00097,R01,0.0,10.0,0.0,20.0,数量,类型B,2.8,8.134903,7.355664,6.778814,0.779238,是
S00098,R01,0.0,10.0,0.0,20.0,数量,类型B,2.8,8.999651,6.778377,7.090711,2.221274,是
S00099,R01,0.0,10.0,0.0,20.0,数量,类型B,2.8,4.906343,3.862365,4.153152,1.043978,是
S00100,R01,0.0,10.0,0.0,20.0,数量,类型B,2.8,7.13571,5.279207,5.031741,1.856504,是
S00101,R01,0.0,10.0,0.0,20.0,数量,类型B,2.8,6.129871,4.237296,4.97219,1.892575,是
S00102,R01,0.0,10.0,0.0,20.0,数量,类型B,2.8,1.757872,1.517034,0.077567,0.240838,是
S00103,R01,0.0,10.0,0.0,20.0,数量,类型B,2.8,8.837197,7.834681,7.673265,1.002516,是
S00104,R01,0.0,10.0,0.0,20.0,数量,类型B,2.8,9.592039,8.032901,8.330688,1.559138,是
S00105,R01,0.0,10.0,0.0,20.0,数量,类型B,2.8,10.114449,8.877582,8.871211,1.236867,是
S00106,R01,0.0,10.0,0.0,20.0,数量,类型B,2.8,3.702235,2.731527,3.155973,0.970708,是
S00107,R01,0.0,10.0,0.0,20.0,数量,类型B,2.8,4.772844,3.685636,5.33264,1.087208,是
S00108,R01,0.0,10.0,0.0,20.0,数量,类型B,2.8,1.800388,1.068198,0.037637,0.73219,是
S00109,R01,0.0,10.0,0.0,20.0,数量,类型B,2.8,1.866618,1.483156,1.867295,0.383462,是
S00110,R01,0.0,10.0,0.0,20.0,数量,类型B,2.8,3.845637,1.991833,0.366147,1.853804,是
S00111,R01,0.0,10.0,0.0,20.0,数量,类型B,2.8,5.957686,4.969191,6.988215,0.988495,是
S00112,R01,0.0,10.0,0.0,20.0,数量,类型B,2.8,2.712852,1.021223,0.662964,1.691628,是
S00113,R01,0.0,10.0,0.0,20.0,数量,类型B,2.8,7.747002,6.445509,8.203214,1.301493,是
S00114,R01,0.0,10.0,0.0,20.0,数量,类型B,2.8,7.766904,6.551732,6.071774,1.215172,是
S00115,R01,0.0,10.0,0.0,20.0,数量,类型B,2.8,3.300556,2.340332,2.946023,0.960224,是
S00116,R01,0.0,10.0,0.0,20.0,数量,类型B,2.8,7.101054,5.993241,6.371435,1.107813,是
S00117,R01,0.0,10.0,0.0,20.0,数量,类型B,2.8,2.806164,1.998904,1.91004,0.80726,是
S00118,R01,0.0,10.0,0.0,20.0,数量,类型B,2.8,3.879157,3.385474,3.451474,0.493683,是
S00119,R01,0.0,10.0,0.0,20.0,数量,类型B,2.8,5.084404,3.852554,3.777828,1.23185,是
S00120,R01,0.0,10.0,0.0,20.0,数量,类型B,2.8,8.430862,7.118146,8.875365,1.312715,是
S00121,R01,0.0,10.0,0.0,20.0,数量,类型B,2.8,3.588145,2.235348,2.843695,1.352797,是
S00122,R01,0.0,10.0,0.0,20.0,数量,类型B,2.8,4.93715,3.331012,3.485752,1.606139,是
S00123,R01,0.0,10.0,0.0,20.0,数量,类型B,2.8,11.038205,9.123907,8.66776,1.914298,是
S00124,R01,0.0,10.0,0.0,20.0,数量,类型B,2.8,7.378999,6.986054,8.041751,0.392945,是
S00125,R01,0.0,10.0,0.0,20.0,数量,类型B,2.8,9.552586,9.358324,8.70417,0.194262,是
S00126,R01,0.0,10.0,0.0,20.0,数量,类型B,2.8,4.52124,2.535522,2.523102,1.985718,是
S00127,R01,0.0,10.0,0.0,20.0,数量,类型B,2.8,11.731077,10.63156,9.897164,1.099517,是
S00128,R01,0.0,10.0,0.0,20.0,数量,类型B,2.8,4.836945,3.179381,2.949615,1.657564,是
S00129,R01,0.0,10.0,0.0,20.0,数量,类型B,2.8,5.565885,4.575732,5.472143,0.990153,是
S00130,R01,0.0,10.0,0.0,20.0,数量,类型B,2.8,6.652009,4.992079,4.786129,1.65993,是
S00131,R01,0.0,10.0,0.0,20.0,数量,类型B,2.8,2.296413,1.14804,1.522694,1.148373,是
S00132,R01,0.0,10.0,0.0,20.0,数量,类型B,2.8,3.159756,2.225724,2.285943,0.934031,是
S00133,R01,0.0,10.0,0.0,20.0,数量,类型B,2.8,2.599255,1.616519,0.927554,0.982736,是
S00134,R01,0.0,10.0,0.0,20.0,数量,类型B,2.8,3.80102,2.454593,3.611438,1.346426,是
S00135,R01,0.0,10.0,0.0,20.0,数量,类型B,2.8,6.083142,4.567038,5.021681,1.516104,是
S00136,R01,0.0,10.0,0.0,20.0,数量,类型B,2.8,11.262977,9.194323,9.538473,2.068654,是
S00137,R01,0.0,10.0,0.0,20.0,数量,类型B,2.8,2.771223,1.849477,2.154123,0.921745,是
S00138,R01,0.0,10.0,0.0,20.0,数量,类型C,2.8,2.289471,1.752352,1.193597,0.537119,是
S00139,R01,0.0,10.0,0.0,20.0,数量,类型C,2.8,7.484046,6.510697,7.038693,0.973349,是
S00140,R01,0.0,10.0,0.0,20.0,数量,类型C,2.8,8.817604,8.221365,7.924037,0.59624,是
S00141,R01,0.0,10.0,0.0,20.0,数量,类型C,2.8,6.89171,5.445478,7.286284,1.446232,是
S00142,R01,0.0,10.0,0.0,20.0,数量,类型C,2.8,2.998235,1.515414,1.514653,1.482821,是
S00143,R01,0.0,10.0,0.0,20.0,数量,类型C,2.8,7.424673,6.051129,7.385216,1.373543,是
S00144,R01,0.0,10.0,0.0,20.0,数量,类型C,2.8,4.618273,4.278476,5.775287,0.339797,是
S00145,R01,0.0,10.0,0.0,20.0,数量,类型C,2.8,10.179444,9.131584,8.308934,1.04786,是
S00146,R01,0.0,10.0,0.0,20.0,数量,类型C,2.8,5.0351,4.710581,4.603592,0.324519,是
S00147,R01,0.0,10.0,0.0,20.0,数量,类型C,2.8,10.290062,9.223087,9.805947,1.066975,是
S00148,R01,0.0,10.0,0.0,20.0,数量,类型C,2.8,7.302931,6.369264,9.625327,0.933667,是
S00149,R01,0.0,10.0,0.0,20.0,数量,类型C,2.8,4.651464,3.963847,4.381603,0.687618,是
S00150,R01,0.0,10.0,0.0,20.0,数量,类型C,2.8,2.547966,2.001992,2.344573,0.545974,是
S00151,R01,0.0,10.0,0.0,20.0,数量,类型C,2.8,7.373159,6.758218,8.014129,0.614941,是
S00152,R01,0.0,10.0,0.0,20.0,数量,类型C,2.8,9.833923,9.310032,8.784506,0.523892,是
S00153,R01,0.0,10.0,0.0,20.0,数量,类型C,2.8,2.487546,1.243389,0.073155,1.244157,是
S00154,R01,0.0,10.0,0.0,20.0,数量,类型C,2.8,5.062354,4.379301,4.171335,0.683053,是
S00155,R01,0.0,10.0,0.0,20.0,数量,类型C,2.8,7.053312,6.853325,7.888209,0.199986,是
S00156,R01,10.01,30.0,0.0,20.0,数量,类型A,4.5,16.252003,14.55027,20.062623,1.701733,是
S00157,R01,10.01,30.0,0.0,20.0,数量,类型A,4.5,13.476457,12.313476,15.450587,1.162981,是
S00158,R01,10.01,30.0,0.0,20.0,数量,类型A,4.5,14.136326,12.762115,14.454087,1.37421,是
S00159,R01,10.01,30.0,0.0,20.0,数量,类型A,4.5,22.74204,21.334966,23.825658,1.407074,是
S00160,R01,10.01,30.0,0.0,20.0,数量,类型A,4.5,20.954289,20.170071,19.87312,0.784218,是
S00161,R01,10.01,30.0,0.0,20.0,数量,类型A,4.5,17.325067,15.199353,17.524052,2.125714,是
S00162,R01,10.01,30.0,0.0,20.0,数量,类型A,4.5,15.954993,15.132018,14.332243,0.822976,是
S00163,R01,10.01,30.0,0.0,20.0,数量,类型A,4.5,8.652218,7.12413,10.214785,1.528088,是
S00164,R01,10.01,30.0,0.0,20.0,数量,类型A,4.5,13.476098,12.982647,13.124674,0.493451,是
S00165,R01,10.01,30.0,0.0,20.0,数量,类型A,4.5,13.660938,12.847214,18.206023,0.813724,是
S00166,R01,10.01,30.0,0.0,20.0,数量,类型A,4.5,11.307511,11.042538,16.861498,0.264973,是
S00167,R01,10.01,30.0,0.0,20.0,数量,类型A,4.5,8.075412,7.336943,10.646697,0.738469,是
S00168,R01,10.01,30.0,0.0,20.0,数量,类型A,4.5,13.455615,13.035261,18.28021,0.420354,是
S00169,R01,10.01,30.0,0.0,20.0,数量,类型A,4.5,27.345605,26.548011,26.399236,0.797594,是
S00170,R01,10.01,30.0,0.0,20.0,数量,类型A,4.5,17.831543,16.779395,19.65439,1.052148,是
S00171,R01,10.01,30.0,0.0,20.0,数量,类型A,4.5,14.290495,13.287775,17.173851,1.002721,是
S00172,R01,10.01,30.0,0.0,20.0,数量,类型A,4.5,13.344956,11.356912,13.272418,1.988044,是
S00173,R01,10.01,30.0,0.0,20.0,数量,类型A,4.5,12.8128,11.765617,13.284326,1.047183,是
S00174,R01,10.01,30.0,0.0,20.0,数量,类型A,4.5,25.522035,23.704467,26.851891,1.817567,是
S00175,R01,10.01,30.0,0.0,20.0,数量,类型A,4.5,18.616505,18.130954,21.829819,0.485551,是
S00176,R01,10.01,30.0,0.0,20.0,数量,类型A,4.5,21.25906,19.438259,23.464836,1.820801,是
S00177,R01,10.01,30.0,0.0,20.0,数量,类型A,4.5,21.732557,19.637615,18.667141,2.094942,是
S00178,R01,10.01,30.0,0.0,20.0,数量,类型A,4.5,22.120178,21.142211,24.317839,0.977967,是
S00179,R01,10.01,30.0,0.0,20.0,数量,类型A,4.5,15.114423,13.567742,12.861062,1.546681,是
S00180,R01,10.01,30.0,0.0,20.0,数量,类型A,4.5,25.794962,24.731758,22.947226,1.063203,是
S00181,R01,10.01,30.0,0.0,20.0,数量,类型A,4.5,13.037244,10.717364,10.731579,2.31988,是
S00182,R01,10.01,30.0,0.0,20.0,数量,类型A,4.5,22.667795,21.4166,21.886031,1.251195,是
S00183,R01,10.01,30.0,0.0,20.0,数量,类型A,4.5,11.70936,9.782069,14.69979,1.927291,是
S00184,R01,10.01,30.0,0.0,20.0,数量,类型A,4.5,16.635461,14.906006,15.087689,1.729455,是
S00185,R01,10.01,30.0,0.0,20.0,数量,类型A,4.5,24.576526,22.835608,27.110061,1.740917,是
S00186,R01,10.01,30.0,0.0,20.0,数量,类型A,4.5,26.623336,25.576749,24.918612,1.046587,是
S00187,R01,10.01,30.0,0.0,20.0,数量,类型A,4.5,18.782879,18.260749,24.658726,0.52213,是
S00188,R01,10.01,30.0,0.0,20.0,数量,类型A,4.5,28.562402,26.716614,25.964544,1.845788,是
S00189,R01,10.01,30.0,0.0,20.0,数量,类型A,4.5,12.083749,12.083749,12.172462,0.0,是
S00190,R01,10.01,30.0,0.0,20.0,数量,类型A,4.5,12.818862,10.990007,11.401328,1.828856,是
S00191,R01,10.01,30.0,0.0,20.0,数量,类型A,4.5,11.819726,10.145212,10.17013,1.674514,是
S00192,R01,10.01,30.0,0.0,20.0,数量,类型A,4.5,18.253861,16.949028,24.92862,1.304833,是
S00193,R01,10.01,30.0,0.0,20.0,数量,类型A,4.5,8.953229,8.231278,12.125377,0.721952,是
S00194,R01,10.01,30.0,0.0,20.0,数量,类型A,4.5,25.999643,23.255568,24.805929,2.744074,是
S00195,R01,10.01,30.0,0.0,20.0,数量,类型A,4.5,10.532958,8.450105,10.858546,2.082852,是
S00196,R01,10.01,30.0,0.0,20.0,数量,类型A,4.5,25.505999,24.148106,25.611575,1.357893,是
S00197,R01,10.01,30.0,0.0,20.0,数量,类型A,4.5,10.17995,9.0862,11.815861,1.093751,是
S00198,R01,10.01,30.0,0.0,20.0,数量,类型A,4.5,16.376685,14.946026,15.849408,1.430658,是
S00199,R01,10.01,30.0,0.0,20.0,数量,类型A,4.5,19.180374,18.213273,25.676408,0.967101,是
S00200,R01,10.01,30.0,0.0,20.0,数量,类型A,4.5,20.856684,20.436894,28.609195,0.41979,是
S00201,R01,10.01,30.0,0.0,20.0,数量,类型A,4.5,9.184627,8.108226,10.336029,1.076401,是
S00202,R01,10.01,30.0,0.0,20.0,数量,类型A,4.5,10.497066,9.4165,10.993575,1.080566,是
S00203,R01,10.01,30.0,0.0,20.0,数量,类型A,4.5,13.300971,11.668081,14.790524,1.63289,是
S00204,R01,10.01,30.0,0.0,20.0,数量,类型A,4.5,16.697136,14.919047,17.570461,1.778089,是
S00205,R01,10.01,30.0,0.0,20.0,数量,类型A,4.5,20.273923,19.087939,22.854487,1.185984,是
S00206,R01,10.01,30.0,0.0,20.0,数量,类型A,4.5,19.379007,18.805418,26.653534,0.573589,是
S00207,R01,10.01,30.0,0.0,20.0,数量,类型A,4.5,26.261473,24.548599,24.862173,1.712875,是
S00208,R01,10.01,30.0,0.0,20.0,数量,类型A,4.5,21.804384,20.3975,18.638836,1.406884,是
S00209,R01,10.01,30.0,0.0,20.0,数量,类型A,4.5,17.184889,16.03468,22.11523,1.150209,是
S00210,R01,10.01,30.0,0.0,20.0,数量,类型A,4.5,24.506071,23.065801,23.373008,1.440269,是
S00211,R01,10.01,30.0,0.0,20.0,数量,类型A,4.5,13.897258,11.861663,11.7321,2.035595,是
S00212,R01,10.01,30.0,0.0,20.0,数量,类型A,4.5,12.53031,11.382275,16.106672,1.148035,是
S00213,R01,10.01,30.0,0.0,20.0,数量,类型A,4.5,13.270465,11.730225,16.375578,1.540241,是
S00214,R01,10.01,30.0,0.0,20.0,数量,类型A,4.5,11.274967,10.298876,10.867875,0.976091,是
S00215,R01,10.01,30.0,0.0,20.0,数量,类型A,4.5,17.246922,16.776148,22.158897,0.470773,是
S00216,R01,10.01,30.0,0.0,20.0,数量,类型A,4.5,11.407124,10.150037,10.063144,1.257088,是
S00217,R01,10.01,30.0,0.0,20.0,数量,类型A,4.5,13.747334,13.025113,12.170326,0.722221,是
S00218,R01,10.01,30.0,0.0,20.0,数量,类型A,4.5,26.699692,25.651339,25.748592,1.048352,是
S00219,R01,10.01,30.0,0.0,20.0,数量,类型A,4.5,13.139173,12.204998,12.83696,0.934176,是
S00220,R01,10.01,30.0,0.0,20.0,数量,类型A,4.5,20.506485,19.310862,27.389439,1.195623,是
S00221,R01,10.01,30.0,0.0,20.0,数量,类型A,4.5,30.914973,28.861694,29.633099,2.053279,是
S00222,R01,10.01,30.0,0.0,20.0,数量,类型A,4.5,27.262557,25.854978,26.35912,1.407579,是
S00223,R01,10.01,30.0,0.0,20.0,数量,类型A,4.5,22.427217,20.961435,25.448994,1.465783,是
S00224,R01,10.01,30.0,0.0,20.0,数量,类型A,4.5,21.879457,20.893408,25.48545,0.986048,是
S00225,R01,10.01,30.0,0.0,20.0,数量,类型A,4.5,17.105947,15.566815,17.328292,1.539132,是
S00226,R01,10.01,30.0,0.0,20.0,数量,类型B,4.5,18.498851,15.260837,16.895327,3.238015,是
S00227,R01,10.01,30.0,0.0,20.0,数量,类型B,4.5,18.62417,15.816826,23.657252,2.807344,是
S00228,R01,10.01,30.0,0.0,20.0,数量,类型B,4.5,13.842524,12.61474,14.549443,1.227784,是
S00229,R01,10.01,30.0,0.0,20.0,数量,类型B,4.5,14.172251,11.57431,11.27121,2.597941,是
S00230,R01,10.01,30.0,0.0,20.0,数量,类型B,4.5,12.564632,9.868838,12.259466,2.695794,是
S00231,R01,10.01,30.0,0.0,20.0,数量,类型B,4.5,10.011235,7.262921,10.934114,2.748315,是
S00232,R01,10.01,30.0,0.0,20.0,数量,类型B,4.5,17.162963,15.760537,15.768125,1.402425,是
S00233,R01,10.01,30.0,0.0,20.0,数量,类型B,4.5,26.122125,24.299729,26.318439,1.822396,是
S00234,R01,10.01,30.0,0.0,20.0,数量,类型B,4.5,15.797686,13.5635,18.438028,2.234186,是
S00235,R01,10.01,30.0,0.0,20.0,数量,类型B,4.5,12.906552,11.287718,14.364205,1.618835,是
S00236,R01,10.01,30.0,0.0,20.0,数量,类型B,4.5,23.64785,21.170792,23.310652,2.477058,是
S00237,R01,10.01,30.0,0.0,20.0,数量,类型B,4.5,17.076433,14.236026,17.181349,2.840407,是
S00238,R01,10.01,30.0,0.0,20.0,数量,类型B,4.5,27.386327,24.13391,28.744374,3.252417,是
S00239,R01,10.01,30.0,0.0,20.0,数量,类型B,4.5,22.365489,17.415097,20.147879,4.950393,是
S00240,R01,10.01,30.0,0.0,20.0,数量,类型B,4.5,19.113751,16.708618,20.44068,2.405133,是
S00241,R01,10.01,30.0,0.0,20.0,数量,类型B,4.5,22.877663,20.579196,22.451861,2.298467,是
S00242,R01,10.01,30.0,0.0,20.0,数量,类型B,4.5,20.582932,19.030516,21.88856,1.552416,是
S00243,R01,10.01,30.0,0.0,20.0,数量,类型B,4.5,15.651266,11.938495,14.558918,3.712771,是
S00244,R01,10.01,30.0,0.0,20.0,数量,类型B,4.5,19.710031,18.808984,24.284078,0.901047,是
S00245,R01,10.01,30.0,0.0,20.0,数量,类型B,4.5,22.105628,18.616221,27.303181,3.489407,是
S00246,R01,10.01,30.0,0.0,20.0,数量,类型B,4.5,19.85694,17.142404,25.117954,2.714537,是
S00247,R01,10.01,30.0,0.0,20.0,数量,类型B,4.5,23.590702,22.332429,21.174625,1.258273,是
S00248,R01,10.01,30.0,0.0,20.0,数量,类型B,4.5,12.836116,11.293951,11.087007,1.542165,是
S00249,R01,10.01,30.0,0.0,20.0,数量,类型B,4.5,15.27653,10.975013,16.101737,4.301517,是
S00250,R01,10.01,30.0,0.0,20.0,数量,类型B,4.5,20.124217,19.354297,25.120645,0.76992,是
S00251,R01,10.01,30.0,0.0,20.0,数量,类型B,4.5,15.227344,13.488001,15.188253,1.739343,是
S00252,R01,10.01,30.0,0.0,20.0,数量,类型B,4.5,23.358761,20.505351,24.553846,2.853411,是
S00253,R01,10.01,30.0,0.0,20.0,数量,类型B,4.5,12.020146,11.18754,12.121816,0.832607,是
S00254,R01,10.01,30.0,0.0,20.0,数量,类型B,4.5,26.242081,23.419152,24.031664,2.822929,是
S00255,R01,10.01,30.0,0.0,20.0,数量,类型B,4.5,21.696262,19.939092,20.00735,1.75717,是
S00256,R01,10.01,30.0,0.0,20.0,数量,类型B,4.5,17.3071,15.587032,22.116505,1.720068,是
S00257,R01,10.01,30.0,0.0,20.0,数量,类型B,4.5,21.875691,19.794267,27.772822,2.081425,是
S00258,R01,10.01,30.0,0.0,20.0,数量,类型B,4.5,30.146803,26.309671,27.570627,3.837132,是
S00259,R01,10.01,30.0,0.0,20.0,数量,类型B,4.5,12.563219,10.170785,10.894063,2.392434,是
S00260,R01,10.01,30.0,0.0,20.0,数量,类型B,4.5,14.197274,11.468993,14.695016,2.728281,是
S00261,R01,10.01,30.0,0.0,20.0,数量,类型B,4.5,20.872908,17.816421,23.213766,3.056487,是
S00262,R01,10.01,30.0,0.0,20.0,数量,类型B,4.5,28.576954,25.837153,25.067022,2.739801,是
S00263,R01,10.01,30.0,0.0,20.0,数量,类型B,4.5,25.41419,22.712518,25.725061,2.701672,是
S00264,R01,10.01,30.0,0.0,20.0,数量,类型B,4.5,17.32863,15.034558,22.81642,2.294072,是
S00265,R01,10.01,30.0,0.0,20.0,数量,类型B,4.5,11.147425,8.470046,11.994705,2.67738,是
S00266,R01,10.01,30.0,0.0,20.0,数量,类型B,4.5,22.643474,22.441663,27.695928,0.201811,是
S00267,R01,10.01,30.0,0.0,20.0,数量,类型C,4.5,19.806657,13.746498,13.46702,6.060159,是
S00268,R01,10.01,30.0,0.0,20.0,数量,类型C,4.5,19.67691,18.967402,25.521029,0.709508,是
S00269,R01,10.01,30.0,0.0,20.0,数量,类型C,4.5,26.915646,26.609363,28.910139,0.306284,是
S00270,R01,10.01,30.0,0.0,20.0,数量,类型C,4.5,17.436284,15.169252,14.66151,2.267032,是
S00271,R01,10.01,30.0,0.0,20.0,数量,类型C,4.5,10.414043,9.894925,11.837053,0.519118,是
S00272,R01,10.01,30.0,0.0,20.0,数量,类型C,4.5,24.771275,22.253022,29.745403,2.518252,是
S00273,R01,10.01,30.0,0.0,20.0,数量,类型C,4.5,24.407711,22.868146,22.394188,1.539565,是
S00274,R01,10.01,30.0,0.0,20.0,数量,类型C,4.5,26.6573,23.167401,24.290964,3.4899,是
S00275,R01,10.01,30.0,0.0,20.0,数量,类型C,4.5,18.505284,14.758811,19.134418,3.746473,是
S00276,R01,10.01,30.0,0.0,20.0,数量,类型C,4.5,25.400678,23.488537,23.041249,1.912141,是
S00277,R01,10.01,30.0,0.0,20.0,数量,类型C,4.5,19.345261,16.582138,17.186137,2.763122,是
S00278,R01,10.01,30.0,0.0,20.0,数量,类型C,4.5,25.037776,23.65136,22.823815,1.386416,是
S00279,R01,10.01,30.0,0.0,20.0,数量,类型C,4.5,11.717839,10.255431,13.014623,1.462408,是
S00280,R01,10.01,30.0,0.0,20.0,数量,类型C,4.5,18.290212,17.459509,22.332584,0.830703,是
S00281,R01,10.01,30.0,0.0,20.0,数量,类型C,4.5,14.123305,12.317766,18.50712,1.80554,是
S00282,R01,10.01,30.0,0.0,20.0,数量,类型C,4.5,29.491824,28.419359,27.170019,1.072465,是
S00283,R01,10.01,30.0,0.0,20.0,数量,类型C,4.5,18.488279,16.641263,22.343529,1.847017,是
S00284,R01,10.01,30.0,0.0,20.0,数量,类型C,4.5,11.150035,8.012423,12.053028,3.137611,是
S00285,R01,10.01,30.0,0.0,20.0,数量,类型C,4.5,22.282638,21.524368,29.978111,0.758269,是
S00286,R01,10.01,30.0,0.0,20.0,数量,类型C,4.5,26.71134,24.477837,22.826749,2.233503,是
S00287,R01,10.01,30.0,0.0,20.0,数量,类型C,4.5,15.886516,15.755527,22.958069,0.130989,是
S00288,R01,10.01,30.0,0.0,20.0,数量,类型C,4.5,17.310208,15.794023,18.148484,1.516185,是
S00289,R02,30.01,80.0,20.01,50.0,百分比,类型A,1.774751,30.811018,30.366073,42.255973,0.444946,是
S00290,R02,30.01,80.0,20.01,50.0,百分比,类型A,3.341725,58.071169,56.451602,79.56487,1.619567,是
S00291,R02,30.01,80.0,20.01,50.0,百分比,类型A,2.219825,58.635563,58.030655,52.852967,0.604909,是
S00292,R02,30.01,80.0,20.01,50.0,百分比,类型A,1.827005,39.10488,38.50492,43.500122,0.59996,是
S00293,R02,30.01,80.0,20.01,50.0,百分比,类型A,2.166989,51.478916,50.691803,51.594983,0.787113,是
S00294,R02,30.01,80.0,20.01,50.0,百分比,类型A,1.542158,35.957643,35.464514,36.718037,0.493129,是
S00295,R02,30.01,80.0,20.01,50.0,百分比,类型A,1.39756,23.015445,22.555016,33.275236,0.460428,是
S00296,R02,30.01,80.0,20.01,50.0,百分比,类型A,1.519338,30.044829,29.464529,36.17471,0.580299,是
S00297,R02,30.01,80.0,20.01,50.0,百分比,类型A,2.478933,46.866334,46.274909,59.022205,0.591424,是
S00298,R02,30.01,80.0,20.01,50.0,百分比,类型A,3.263726,82.587129,80.525713,77.707772,2.061416,是
S00299,R02,30.01,80.0,20.01,50.0,百分比,类型A,2.845703,50.622792,49.022294,67.754833,1.600497,是
S00300,R02,30.01,80.0,20.01,50.0,百分比,类型A,3.305172,77.210381,75.581964,78.694579,1.628417,是
S00301,R02,30.01,80.0,20.01,50.0,百分比,类型A,1.896218,45.162897,44.40221,45.148057,0.760687,是
S00302,R02,30.01,80.0,20.01,50.0,百分比,类型A,2.006475,52.034734,51.281578,47.773223,0.753156,是
S00303,R02,30.01,80.0,20.01,50.0,百分比,类型A,1.666884,36.330381,35.609721,39.687712,0.720661,是
S00304,R02,30.01,80.0,20.01,50.0,百分比,类型A,1.582746,31.856214,31.229295,37.684433,0.626919,是
S00305,R02,30.01,80.0,20.01,50.0,百分比,类型A,1.815623,32.66817,31.906718,43.229117,0.761452,是
S00306,R02,30.01,80.0,20.01,50.0,百分比,类型A,2.403648,63.495494,62.717444,57.229705,0.77805,是
S00307,R02,30.01,80.0,20.01,50.0,百分比,类型A,2.593716,66.928223,66.446121,61.755133,0.482102,是
S00308,R02,30.01,80.0,20.01,50.0,百分比,类型A,1.660156,31.941902,31.257154,39.527532,0.684748,是
S00309,R02,30.01,80.0,20.01,50.0,百分比,类型A,1.69334,35.604354,35.073583,40.317631,0.530771,是
S00310,R02,30.01,80.0,20.01,50.0,百分比,类型A,2.75818,59.936358,58.845393,65.670944,1.090966,是
S00311,R02,30.01,80.0,20.01,50.0,百分比,类型A,1.302117,22.95863,22.419922,31.002781,0.538709,是
S00312,R02,30.01,80.0,20.01,50.0,百分比,类型A,3.246821,73.793251,72.366198,77.305271,1.427053,是
S00313,R02,30.01,80.0,20.01,50.0,百分比,类型A,1.405443,34.690581,34.116901,33.462921,0.573681,是
S00314,R02,30.01,80.0,20.01,50.0,百分比,类型A,1.50259,25.926996,25.062642,35.775962,0.864355,是
S00315,R02,30.01,80.0,20.01,50.0,百分比,类型A,1.810672,35.122092,34.668665,43.111238,0.453427,是
S00316,R02,30.01,80.0,20.01,50.0,百分比,类型A,1.763074,32.716818,32.096322,41.977957,0.620497,是
S00317,R02,30.01,80.0,20.01,50.0,百分比,类型A,3.30015,59.11192,58.166473,78.574996,0.945447,是
S00318,R02,30.01,80.0,20.01,50.0,百分比,类型A,2.674624,49.317654,47.922573,63.681526,1.395081,是
S00319,R02,30.01,80.0,20.01,50.0,百分比,类型A,2.639457,54.99378,53.989534,62.844213,1.004247,是
S00320,R02,30.01,80.0,20.01,50.0,百分比,类型A,2.605338,47.168176,46.467972,62.031863,0.700204,是
S00321,R02,30.01,80.0,20.01,50.0,百分比,类型A,2.464937,50.535129,49.306316,58.688975,1.228814,是
S00322,R02,30.01,80.0,20.01,50.0,百分比,类型A,3.33412,65.482662,64.414961,79.38382,1.0677,是
S00323,R02,30.01,80.0,20.01,50.0,百分比,类型A,1.404273,24.132601,23.522296,33.435062,0.610304,是
S00324,R02,30.01,80.0,20.01,50.0,百分比,类型A,2.060892,52.073829,51.22425,49.068846,0.849579,是
S00325,R02,30.01,80.0,20.01,50.0,百分比,类型A,2.317149,47.124166,46.180531,55.170211,0.943635,是
S00326,R02,30.01,80.0,20.01,50.0,百分比,类型A,1.677243,35.785399,35.19152,39.934356,0.593879,是
S00327,R02,30.01,80.0,20.01,50.0,百分比,类型A,2.444347,40.940543,39.490318,58.198738,1.450225,是
S00328,R02,30.01,80.0,20.01,50.0,百分比,类型A,3.161861,71.130278,69.526715,75.282407,1.603563,是
S00329,R02,30.01,80.0,20.01,50.0,百分比,类型A,2.673436,54.62136,53.198091,63.65323,1.423269,是
S00330,R02,30.01,80.0,20.01,50.0,百分比,类型A,3.183013,57.98049,57.689198,75.786028,0.291292,是
S00331,R02,30.01,80.0,20.01,50.0,百分比,类型A,1.71105,29.798401,29.050554,40.739293,0.747847,是
S00332,R02,30.01,80.0,20.01,50.0,百分比,类型A,2.106755,52.86907,52.86907,50.160828,0.0,是
S00333,R02,30.01,80.0,20.01,50.0,百分比,类型A,2.723118,53.851875,52.355951,64.836147,1.495924,是
S00334,R02,30.01,80.0,20.01,50.0,百分比,类型A,2.065046,36.173192,35.460298,49.167773,0.712894,是
S00335,R02,30.01,80.0,20.01,50.0,百分比,类型A,1.877058,31.044977,30.592367,44.69186,0.45261,是
S00336,R02,30.01,80.0,20.01,50.0,百分比,类型A,2.526178,66.015687,65.46716,60.147106,0.548527,是
S00337,R02,30.01,80.0,20.01,50.0,百分比,类型A,3.250468,69.343422,69.009251,77.392091,0.334171,是
S00338,R02,30.01,80.0,20.01,50.0,百分比,类型A,2.749404,48.694203,47.060087,65.462001,1.634116,是
S00339,R02,30.01,80.0,20.01,50.0,百分比,类型A,2.33558,37.975008,37.841402,55.609039,0.133606,是
S00340,R02,30.01,80.0,20.01,50.0,百分比,类型A,3.232124,63.76103,63.173211,76.955342,0.587818,是
S00341,R02,30.01,80.0,20.01,50.0,百分比,类型A,2.058986,47.607991,46.621227,49.023477,0.986764,是
S00342,R02,30.01,80.0,20.01,50.0,百分比,类型A,3.082371,54.089031,53.849232,73.389777,0.239799,是
S00343,R02,30.01,80.0,20.01,50.0,百分比,类型A,2.238046,45.715436,44.86662,53.286809,0.848815,是
S00344,R02,30.01,80.0,20.01,50.0,百分比,类型A,2.915508,65.319263,64.219972,69.416853,1.099292,是
S00345,R02,30.01,80.0,20.01,50.0,百分比,类型A,1.720481,41.290638,40.687345,40.96384,0.603293,是
S00346,R02,30.01,80.0,20.01,50.0,百分比,类型A,2.335927,55.560916,54.486164,55.617317,1.074751,是
S00347,R02,30.01,80.0,20.01,50.0,百分比,类型A,2.769408,51.682844,50.31865,65.938283,1.364194,是
S00348,R02,30.01,80.0,20.01,50.0,百分比,类型A,2.586239,62.778148,61.302301,61.577121,1.475847,是
S00349,R02,30.01,80.0,20.01,50.0,百分比,类型A,2.438197,52.857696,52.340499,58.052301,0.517197,是
S00350,R02,30.01,80.0,20.01,50.0,百分比,类型A,2.325599,39.194549,38.715102,55.371398,0.479447,是
S00351,R02,30.01,80.0,20.01,50.0,百分比,类型A,2.98876,68.544057,67.582898,71.160944,0.961159,是
S00352,R02,30.01,80.0,20.01,50.0,百分比,类型A,1.434183,33.825932,33.166163,34.147209,0.65977,是
S00353,R02,30.01,80.0,20.01,50.0,百分比,类型A,2.887819,66.980424,66.127927,68.757593,0.852497,是
S00354,R02,30.01,80.0,20.01,50.0,百分比,类型B,1.988684,38.053796,36.744007,47.349614,1.309789,是
S00355,R02,30.01,80.0,20.01,50.0,百分比,类型B,1.900505,42.841253,41.888719,45.250129,0.952534,是
S00356,R02,30.01,80.0,20.01,50.0,百分比,类型B,1.996543,33.652927,32.728108,47.536732,0.924819,是
S00357,R02,30.01,80.0,20.01,50.0,百分比,类型B,2.59998,46.878374,45.102204,61.904292,1.77617,是
S00358,R02,30.01,80.0,20.01,50.0,百分比,类型B,1.315255,33.900538,32.915587,31.315586,0.984951,是
S00359,R02,30.01,80.0,20.01,50.0,百分比,类型B,1.57892,32.791262,31.83571,37.59334,0.955553,是
S00360,R02,30.01,80.0,20.01,50.0,百分比,类型B,1.808964,39.404545,38.470442,43.07058,0.934104,是
S00361,R02,30.01,80.0,20.01,50.0,百分比,类型B,1.412761,34.75887,33.768979,33.637158,0.989892,是
S00362,R02,30.01,80.0,20.01,50.0,百分比,类型B,3.255454,65.817871,62.838181,77.510812,2.979689,是
S00363,R02,30.01,80.0,20.01,50.0,百分比,类型B,1.815517,33.834149,32.109992,43.226606,1.724157,是
S00364,R02,30.01,80.0,20.01,50.0,百分比,类型B,2.20105,44.818401,43.726392,52.405944,1.092009,是
S00365,R02,30.01,80.0,20.01,50.0,百分比,类型B,3.090192,74.007669,71.751025,73.576004,2.256644,是
S00366,R02,30.01,80.0,20.01,50.0,百分比,类型B,2.586812,56.840463,55.110813,61.590758,1.72965,是
S00367,R02,30.01,80.0,20.01,50.0,百分比,类型B,2.67441,46.935686,44.814839,63.676421,2.120847,是
S00368,R02,30.01,80.0,20.01,50.0,百分比,类型B,2.743282,67.705865,67.224369,65.31625,0.481496,是
S00369,R02,30.01,80.0,20.01,50.0,百分比,类型B,2.284963,49.995646,48.498381,54.40388,1.497265,是
S00370,R02,30.01,80.0,20.01,50.0,百分比,类型B,1.412156,36.875498,35.853147,33.622752,1.022351,是
S00371,R02,30.01,80.0,20.01,50.0,百分比,类型B,2.116883,50.650183,49.154047,50.401971,1.496136,是
S00372,R02,30.01,80.0,20.01,50.0,百分比,类型B,1.690663,31.083127,30.010539,40.253884,1.072587,是
S00373,R02,30.01,80.0,20.01,50.0,百分比,类型B,2.344754,42.623476,40.432787,55.82747,2.190689,是
S00374,R02,30.01,80.0,20.01,50.0,百分比,类型B,3.058618,65.778253,64.808621,72.824245,0.969632,是
S00375,R02,30.01,80.0,20.01,50.0,百分比,类型B,1.49356,39.784941,38.68625,35.560959,1.098691,是
S00376,R02,30.01,80.0,20.01,50.0,百分比,类型B,3.285214,68.523862,66.277185,78.219382,2.246676,是
S00377,R02,30.01,80.0,20.01,50.0,百分比,类型B,3.080751,80.912864,78.512253,73.351221,2.400611,是
S00378,R02,30.01,80.0,20.01,50.0,百分比,类型B,3.311004,87.920791,85.149835,78.833437,2.770956,是
S00379,R02,30.01,80.0,20.01,50.0,百分比,类型B,2.217126,44.863316,43.931906,52.788711,0.93141,是
S00380,R02,30.01,80.0,20.01,50.0,百分比,类型B,2.797858,50.317393,48.608066,66.615674,1.709327,是
S00381,R02,30.01,80.0,20.01,50.0,百分比,类型B,2.366872,39.720474,37.731058,56.354095,1.989417,是
S00382,R02,30.01,80.0,20.01,50.0,百分比,类型B,1.998354,41.578908,40.052629,47.579847,1.526279,是
S00383,R02,30.01,80.0,20.01,50.0,百分比,类型B,2.46356,53.696931,51.816012,58.656188,1.88092,是
S00384,R02,30.01,80.0,20.01,50.0,百分比,类型B,2.45431,53.434823,51.619582,58.435943,1.815241,是
S00385,R02,30.01,80.0,20.01,50.0,百分比,类型B,2.329863,62.108375,60.585575,55.472923,1.522799,是
S00386,R02,30.01,80.0,20.01,50.0,百分比,类型B,3.289984,55.813073,53.418442,78.332964,2.394631,是
S00387,R02,30.01,80.0,20.01,50.0,百分比,类型B,3.005232,75.259036,72.718956,71.553153,2.54008,是
S00388,R02,30.01,80.0,20.01,50.0,百分比,类型B,3.208676,64.780427,62.966,76.397046,1.814427,是
S00389,R02,30.01,80.0,20.01,50.0,百分比,类型B,2.371656,60.049145,58.349773,56.467995,1.699372,是
S00390,R02,30.01,80.0,20.01,50.0,百分比,类型B,1.881015,47.142751,45.552587,44.786082,1.590164,是
S00391,R02,30.01,80.0,20.01,50.0,百分比,类型B,1.729041,38.987835,37.075887,41.167639,1.911948,是
S00392,R02,30.01,80.0,20.01,50.0,百分比,类型C,2.339224,64.587813,39.524704,55.695799,25.06311,是
S00393,R02,30.01,80.0,20.01,50.0,百分比,类型C,1.325031,32.337765,31.482449,31.548353,0.855315,是
S00394,R02,30.01,80.0,20.01,50.0,百分比,类型C,1.901722,35.944421,35.021195,45.279088,0.923226,是
S00395,R02,30.01,80.0,20.01,50.0,百分比,类型C,2.098565,49.631948,47.761059,49.965837,1.87089,是
S00396,R02,30.01,80.0,20.01,50.0,百分比,类型C,2.072617,51.165022,50.077093,49.348014,1.087929,是
S00397,R02,30.01,80.0,20.01,50.0,百分比,类型C,2.93997,74.160528,73.207528,69.999282,0.953,是
S00398,R02,30.01,80.0,20.01,50.0,百分比,类型C,2.000306,39.452207,38.473182,47.626323,0.979025,是
S00399,R02,30.01,80.0,20.01,50.0,百分比,类型C,2.307526,57.088394,56.393719,54.941091,0.694675,是
S00400,R02,30.01,80.0,20.01,50.0,百分比,类型C,1.547147,29.776607,29.123479,36.836832,0.653128,是
S00401,R02,30.01,80.0,20.01,50.0,百分比,类型C,3.332454,81.74065,79.472608,79.344133,2.268041,是
S00402,R02,30.01,80.0,20.01,50.0,百分比,类型C,2.747926,58.359721,56.469693,65.426812,1.890028,是
S00403,R02,30.01,80.0,20.01,50.0,百分比,类型C,2.277879,38.918027,37.120341,54.235211,1.797687,是
S00404,R02,30.01,80.0,20.01,50.0,百分比,类型C,2.306888,45.655786,44.563554,54.925902,1.092232,是
S00405,R02,30.01,80.0,20.01,50.0,百分比,类型C,2.413457,46.049703,44.878578,57.463264,1.171125,是
S00406,R02,30.01,80.0,20.01,50.0,百分比,类型C,2.886557,53.245824,52.881543,68.72754,0.364281,是
S00407,R02,30.01,80.0,20.01,50.0,百分比,类型C,2.252574,58.13585,56.421135,53.632718,1.714715,是
S00408,R03,80.01,200.0,0.0,99999.0,百分比,类型A,2.025365,75.396214,72.499736,101.268245,2.896478,是
S00409,R03,80.01,200.0,0.0,99999.0,百分比,类型A,2.811154,144.558806,140.77049,140.557716,3.788316,是
S00410,R03,80.01,200.0,0.0,99999.0,百分比,类型A,1.72938,68.654108,64.875497,86.468987,3.778611,是
S00411,R03,80.01,200.0,0.0,99999.0,百分比,类型A,2.119957,76.866287,75.061687,105.997863,1.8046,是
S00412,R03,80.01,200.0,0.0,99999.0,百分比,类型A,1.826205,68.645894,67.894434,91.310227,0.751459,是
S00413,R03,80.01,200.0,0.0,99999.0,百分比,类型A,2.186443,113.818622,111.242382,109.322148,2.57624,是
S00414,R03,80.01,200.0,0.0,99999.0,百分比,类型A,1.634495,58.581711,56.543284,81.724741,2.038426,是
S00415,R03,80.01,200.0,0.0,99999.0,百分比,类型A,3.991731,190.971196,185.936344,199.586555,5.034852,是
S00416,R03,80.01,200.0,0.0,99999.0,百分比,类型A,3.604488,165.480063,160.164194,180.22441,5.315869,是
S00417,R03,80.01,200.0,0.0,99999.0,百分比,类型A,3.971005,139.304983,134.663536,198.550245,4.641448,是
S00418,R03,80.01,200.0,0.0,99999.0,百分比,类型A,3.892704,191.465759,186.73037,194.635201,4.735389,是
S00419,R03,80.01,200.0,0.0,99999.0,百分比,类型A,2.921904,112.175653,109.33575,146.095193,2.839903,是
S00420,R03,80.01,200.0,0.0,99999.0,百分比,类型A,3.586891,160.114344,157.233317,179.344541,2.881028,是
S00421,R03,80.01,200.0,0.0,99999.0,百分比,类型A,3.472238,122.233749,120.373561,173.611882,1.860188,是
S00422,R03,80.01,200.0,0.0,99999.0,百分比,类型A,3.692957,159.946155,156.524415,184.647843,3.42174,是
S00423,R03,80.01,200.0,0.0,99999.0,百分比,类型A,1.839181,103.321938,100.892381,91.959029,2.429557,是
S00424,R03,80.01,200.0,0.0,99999.0,百分比,类型A,2.796986,129.876479,126.448882,139.849318,3.427597,是
S00425,R03,80.01,200.0,0.0,99999.0,百分比,类型A,3.528735,145.62458,141.038277,176.436741,4.586302,是
S00426,R03,80.01,200.0,0.0,99999.0,百分比,类型A,2.156861,84.701532,82.053716,107.843044,2.647816,是
S00427,R03,80.01,200.0,0.0,99999.0,百分比,类型A,3.842644,146.300448,141.086216,192.132211,5.214232,是
S00428,R03,80.01,200.0,0.0,99999.0,百分比,类型A,2.39651,81.69464,78.274336,119.825509,3.420305,是
S00429,R03,80.01,200.0,0.0,99999.0,百分比,类型A,2.188265,119.51297,117.454943,109.413262,2.058027,是
S00430,R03,80.01,200.0,0.0,99999.0,百分比,类型A,2.632508,111.973091,107.610338,131.625392,4.362753,是
S00431,R03,80.01,200.0,0.0,99999.0,百分比,类型A,2.521084,95.257378,91.831337,126.054225,3.426041,是
S00432,R03,80.01,200.0,0.0,99999.0,百分比,类型A,1.829628,66.377862,63.737235,91.48139,2.640627,是
S00433,R03,80.01,200.0,0.0,99999.0,百分比,类型A,2.107206,76.77282,74.534547,105.360322,2.238273,是
S00434,R03,80.01,200.0,0.0,99999.0,百分比,类型A,2.416322,85.936018,81.363804,120.816098,4.572214,是
S00435,R03,80.01,200.0,0.0,99999.0,百分比,类型A,1.781263,94.070701,92.339581,89.063129,1.731119,是
S00436,R03,80.01,200.0,0.0,99999.0,百分比,类型A,2.486815,96.299176,94.136236,124.340755,2.16294,是
S00437,R03,80.01,200.0,0.0,99999.0,百分比,类型A,2.64662,117.64804,115.969262,132.330994,1.678778,是
S00438,R03,80.01,200.0,0.0,99999.0,百分比,类型A,2.886048,108.324805,103.979869,144.302385,4.344935,是
S00439,R03,80.01,200.0,0.0,99999.0,百分比,类型A,3.222678,136.931986,132.052057,161.133922,4.879929,是
S00440,R03,80.01,200.0,0.0,99999.0,百分比,类型A,1.972719,69.944207,67.757816,98.635957,2.186391,是
S00441,R03,80.01,200.0,0.0,99999.0,百分比,类型A,3.744592,186.135756,183.962142,187.229606,2.173614,是
S00442,R03,80.01,200.0,0.0,99999.0,百分比,类型A,1.896939,96.946089,93.254323,94.84697,3.691766,是
S00443,R03,80.01,200.0,0.0,99999.0,百分比,类型A,3.071873,139.283433,134.019673,153.593642,5.26376,是
S00444,R03,80.01,200.0,0.0,99999.0,百分比,类型A,3.459761,160.338086,156.3856,172.988074,3.952486,是
S00445,R03,80.01,200.0,0.0,99999.0,百分比,类型A,2.93516,116.328021,114.13525,146.757995,2.192771,是
S00446,R03,80.01,200.0,0.0,99999.0,百分比,类型A,3.091394,116.567503,111.798502,154.56968,4.769001,是
S00447,R03,80.01,200.0,0.0,99999.0,百分比,类型A,3.241876,167.959251,164.034511,162.093818,3.92474,是
S00448,R03,80.01,200.0,0.0,99999.0,百分比,类型A,1.677303,70.872504,68.327833,83.865143,2.544672,是
S00449,R03,80.01,200.0,0.0,99999.0,百分比,类型A,3.714679,162.784745,158.032285,185.733962,4.752459,是
S00450,R03,80.01,200.0,0.0,99999.0,百分比,类型A,3.959272,142.923551,138.742049,197.963612,4.181503,是
S00451,R03,80.01,200.0,0.0,99999.0,百分比,类型A,3.834149,142.223217,138.827703,191.707447,3.395514,是
S00452,R03,80.01,200.0,0.0,99999.0,百分比,类型A,2.643938,114.261816,111.393999,132.196877,2.867817,是
S00453,R03,80.01,200.0,0.0,99999.0,百分比,类型A,3.768801,141.479455,138.033993,188.440027,3.445462,是
S00454,R03,80.01,200.0,0.0,99999.0,百分比,类型A,2.328219,100.579322,98.337772,116.410963,2.24155,是
S00455,R03,80.01,200.0,0.0,99999.0,百分比,类型A,3.882539,147.839382,141.399042,194.126968,6.44034,是
S00456,R03,80.01,200.0,0.0,99999.0,百分比,类型A,3.74017,168.926128,166.520461,187.008478,2.405667,是
S00457,R03,80.01,200.0,0.0,99999.0,百分比,类型A,2.499813,134.645013,133.744734,124.990645,0.900278,是
S00458,R03,80.01,200.0,0.0,99999.0,百分比,类型A,2.463946,85.502297,83.959315,123.19729,1.542982,是
S00459,R03,80.01,200.0,0.0,99999.0,百分比,类型A,2.746393,105.300685,100.458903,137.319661,4.841782,是
S00460,R03,80.01,200.0,0.0,99999.0,百分比,类型A,3.000125,157.256411,152.095833,150.006231,5.160579,是
S00461,R03,80.01,200.0,0.0,99999.0,百分比,类型A,1.783198,91.519453,89.265522,89.159901,2.253931,是
S00462,R03,80.01,200.0,0.0,99999.0,百分比,类型A,2.038993,77.010758,75.187231,101.949648,1.823528,是
S00463,R03,80.01,200.0,0.0,99999.0,百分比,类型A,3.66252,204.127034,199.78588,183.125988,4.341154,是
S00464,R03,80.01,200.0,0.0,99999.0,百分比,类型A,2.042746,71.326091,68.896082,102.137308,2.430009,是
S00465,R03,80.01,200.0,0.0,99999.0,百分比,类型A,3.696715,157.918902,151.416141,184.835768,6.502761,是
S00466,R03,80.01,200.0,0.0,99999.0,百分比,类型B,3.515562,197.556813,186.713129,175.778101,10.843684,是
S00467,R03,80.01,200.0,0.0,99999.0,百分比,类型B,1.670882,75.03604,72.490694,83.544085,2.545345,是
S00468,R03,80.01,200.0,0.0,99999.0,百分比,类型B,3.619327,128.738671,120.422252,180.966366,8.316419,是
S00469,R03,80.01,200.0,0.0,99999.0,百分比,类型B,2.162457,88.498744,84.86233,108.122832,3.636414,是
S00470,R03,80.01,200.0,0.0,99999.0,百分比,类型B,3.124449,114.881735,110.929956,156.222456,3.951779,是
S00471,R03,80.01,200.0,0.0,99999.0,百分比,类型B,3.874551,170.951463,166.175693,193.72754,4.77577,是
S00472,R03,80.01,200.0,0.0,99999.0,百分比,类型B,2.399426,126.767328,124.675398,119.97132,2.09193,是
S00473,R03,80.01,200.0,0.0,99999.0,百分比,类型B,3.262346,155.655586,150.685065,163.117277,4.970521,是
S00474,R03,80.01,200.0,0.0,99999.0,百分比,类型B,2.562188,93.572452,87.689219,128.109399,5.883233,是
S00475,R03,80.01,200.0,0.0,99999.0,百分比,类型B,3.838264,193.414764,189.441556,191.913187,3.973208,是
S00476,R03,80.01,200.0,0.0,99999.0,百分比,类型B,3.536429,149.979064,143.948736,176.821457,6.030328,是
S00477,R03,80.01,200.0,0.0,99999.0,百分比,类型B,3.361848,186.90761,182.731354,168.092406,4.176256,是
S00478,R03,80.01,200.0,0.0,99999.0,百分比,类型B,3.220406,141.034107,137.636785,161.020312,3.397322,是
S00479,R03,80.01,200.0,0.0,99999.0,百分比,类型B,2.850707,102.772531,98.8794,142.535365,3.893131,是
S00480,R03,80.01,200.0,0.0,99999.0,百分比,类型B,2.826284,126.83735,122.846658,141.314179,3.990692,是
S00481,R03,80.01,200.0,0.0,99999.0,百分比,类型B,1.802718,94.625518,93.5714,90.13592,1.054118,是
S00482,R03,80.01,200.0,0.0,99999.0,百分比,类型B,1.601937,79.761113,76.937688,80.09687,2.823426,是
S00483,R03,80.01,200.0,0.0,99999.0,百分比,类型B,3.006245,141.670805,135.664146,150.312263,6.006659,是
S00484,R03,80.01,200.0,0.0,99999.0,百分比,类型B,2.043792,80.713148,78.981405,102.189593,1.731743,是
S00485,R03,80.01,200.0,0.0,99999.0,百分比,类型B,2.620657,105.460504,99.952131,131.03287,5.508373,是
S00486,R03,80.01,200.0,0.0,99999.0,百分比,类型B,2.243446,93.944726,91.952069,112.172314,1.992656,是
S00487,R03,80.01,200.0,0.0,99999.0,百分比,类型B,2.351194,101.763692,96.827383,117.559707,4.936309,是
S00488,R03,80.01,200.0,0.0,99999.0,百分比,类型B,2.595374,105.403969,102.855292,129.768695,2.548677,是
S00489,R03,80.01,200.0,0.0,99999.0,百分比,类型B,3.53624,143.38617,136.614251,176.811978,6.771919,是
S00490,R03,80.01,200.0,0.0,99999.0,百分比,类型B,2.563033,113.145895,111.024744,128.151625,2.12115,是
S00491,R03,80.01,200.0,0.0,99999.0,百分比,类型B,3.980796,189.014194,182.448502,199.039812,6.565692,是
S00492,R03,80.01,200.0,0.0,99999.0,百分比,类型B,2.263991,81.184697,77.21775,113.199548,3.966947,是
S00493,R03,80.01,200.0,0.0,99999.0,百分比,类型B,2.52089,87.313737,83.212594,126.044523,4.101144,是
S00494,R03,80.01,200.0,0.0,99999.0,百分比,类型B,2.2863,104.445082,100.371571,114.314993,4.073511,是
S00495,R03,80.01,200.0,0.0,99999.0,百分比,类型B,3.883699,202.448515,193.401511,194.184926,9.047004,是
S00496,R03,80.01,200.0,0.0,99999.0,百分比,类型B,3.907628,214.317067,206.99939,195.381407,7.317677,是
S00497,R03,80.01,200.0,0.0,99999.0,百分比,类型B,1.652174,85.226444,83.159801,82.60872,2.066643,是
S00498,R03,80.01,200.0,0.0,99999.0,百分比,类型B,2.004669,86.621535,82.940365,100.233428,3.681169,是
S00499,R03,80.01,200.0,0.0,99999.0,百分比,类型B,3.452989,185.469607,180.043155,172.649456,5.426451,是
S00500,R03,80.01,200.0,0.0,99999.0,百分比,类型C,2.943458,181.555633,115.327822,147.172913,66.227811,是
S00501,R03,80.01,200.0,0.0,99999.0,百分比,类型C,2.226785,87.514928,83.776417,111.339243,3.73851,是
S00502,R03,80.01,200.0,0.0,99999.0,百分比,类型C,1.899433,100.094895,99.000177,94.971644,1.094718,是
S00503,R03,80.01,200.0,0.0,99999.0,百分比,类型C,1.746604,80.833499,78.689642,87.330182,2.143858,是
S00504,R03,80.01,200.0,0.0,99999.0,百分比,类型C,3.853251,162.842457,157.268175,192.662538,5.574282,是
S00505,R03,80.01,200.0,0.0,99999.0,百分比,类型C,3.68675,189.915919,187.751929,184.337476,2.16399,是
S00506,R03,80.01,200.0,0.0,99999.0,百分比,类型C,1.833273,68.233781,66.034612,91.663654,2.199169,是
S00507,R03,80.01,200.0,0.0,99999.0,百分比,类型C,1.88044,65.657299,62.68156,94.021981,2.975739,是
S00508,R03,80.01,200.0,0.0,99999.0,百分比,类型C,2.955606,103.668168,99.888704,147.78032,3.779464,是
S00509,R03,80.01,200.0,0.0,99999.0,百分比,类型C,3.508456,169.902989,168.796681,175.42281,1.106308,是
S00510,R03,80.01,200.0,0.0,99999.0,百分比,类型C,2.497128,117.041929,113.466904,124.856388,3.575026,是
S00511,R03,80.01,200.0,0.0,99999.0,百分比,类型C,1.639981,85.011659,82.369695,81.999058,2.641965,是
S00512,R03,80.01,200.0,0.0,99999.0,百分比,类型C,3.919686,181.341734,177.690659,195.984317,3.651075,是
S00513,R03,80.01,200.0,0.0,99999.0,百分比,类型C,3.76561,144.22309,137.544505,188.280493,6.678586,是
